,conversation_id,public_metrics,text,created_at,id,referenced_tweets,reply_settings,lang,author_id,in_reply_to_user_id,source,geo
0,1212055820621557760,"{'retweet_count': 0, 'reply_count': 0, 'like_count': 1, 'quote_count': 0}","@chartdata I'm Fine by @bts_twt 

https://t.co/9tXQIV1d7A",2020-01-01T08:06:49.000Z,1212284026985185280,"[{'type': 'replied_to', 'id': '1212055820621557760'}]",everyone,en,1140383271601049600,744260935527735296,Twitter for Android,
1,1212284024711860224,"{'retweet_count': 0, 'reply_count': 0, 'like_count': 1, 'quote_count': 0}","Anto Baret
https://t.co/R5WwVjVezg",2020-01-01T08:06:49.000Z,1212284024711860224,,everyone,en,1193059343568003073,,Twitter for Android,{'place_id': '8e73f07035e3feb5'}
2,1212284013819224064,"{'retweet_count': 0, 'reply_count': 0, 'like_count': 4, 'quote_count': 0}",starting off 2020 right ^-^ https://t.co/N4Cuh6wanY,2020-01-01T08:06:46.000Z,1212284013819224064,,everyone,en,2741560531,,Twitter for iPhone,
3,1212282439432695808,"{'retweet_count': 0, 'reply_count': 0, 'like_count': 0, 'quote_count': 0}",@FaZeRug I'm 13 followers away from 1.1K on Instagram (Deanttherapper) and I'm trying to get 100 followers on Spotify 🙏🏾 https://t.co/TTk1NyPIau help me out ?,2020-01-01T08:06:46.000Z,1212284012774993922,"[{'type': 'replied_to', 'id': '1212282439432695808'}]",everyone,en,1093544920613376000,735520507,Twitter for iPhone,
4,1212284004239585281,"{'retweet_count': 4, 'reply_count': 0, 'like_count': 20, 'quote_count': 1}","Have you listened to @trigmaticrocks's #The8thElement ? Still got the flavour of a Fresh project. Don't slack. Feed your Soul with Good food. Follow link below 
https://t.co/oYr8pzGkFe",2020-01-01T08:06:44.000Z,1212284004239585281,,everyone,en,1157974814516293632,,Twitter for Android,
5,1212194567568670722,"{'retweet_count': 0, 'reply_count': 1, 'like_count': 1, 'quote_count': 0}",@DrunkestLibrary I pictured you going from Spotify playlist to Spotify playlist like a musical Krampus,2020-01-01T08:06:38.000Z,1212283980088795136,"[{'type': 'replied_to', 'id': '1212281467935625218'}]",everyone,en,6980992,6980992,Twitter for iPad,
6,1212283970911686657,"{'retweet_count': 0, 'reply_count': 0, 'like_count': 0, 'quote_count': 0}",Abert must watch https://t.co/5ekKboPCNZ,2020-01-01T08:06:36.000Z,1212283970911686657,,everyone,en,1210358415916183552,,Twitter for iPhone,
7,1212283967967088640,"{'retweet_count': 0, 'reply_count': 0, 'like_count': 0, 'quote_count': 0}",r&amp;b queen https://t.co/YVCDgDs37v,2020-01-01T08:06:35.000Z,1212283967967088640,,everyone,en,1090616456973189120,,Twitter Web App,
8,1212283946991587328,"{'retweet_count': 0, 'reply_count': 0, 'like_count': 1, 'quote_count': 0}","Spring Is Here by Bill Evans Trio https://t.co/oTEiaEgmL8 #NowPlaying   ...ladies and gentlemen, another explicit jazz classic from the Bill Evans Trio...",2020-01-01T08:06:30.000Z,1212283946991587328,,everyone,en,896191934,,Twitter Web Client,
9,1212283945603104774,"{'retweet_count': 0, 'reply_count': 1, 'like_count': 0, 'quote_count': 0}",i started my year crying :(  https://t.co/RIXFEKYkvD,2020-01-01T08:06:30.000Z,1212283945603104774,,everyone,en,1023017112694976512,,Twitter for iPhone,
10,1212283930491179008,"{'retweet_count': 0, 'reply_count': 0, 'like_count': 1, 'quote_count': 0}","You get the same old me
https://t.co/m9mnyDjHdB",2020-01-01T08:06:26.000Z,1212283930491179008,,everyone,en,1015389943999356928,,Twitter for Android,
11,1212283925336338433,"{'retweet_count': 1, 'reply_count': 1, 'like_count': 4, 'quote_count': 0}",Stream my new track “Fake Shit” to start your new year!!! https://t.co/j1KIfuQUXA,2020-01-01T08:06:25.000Z,1212283925336338433,,everyone,en,2160964717,,Twitter for iPhone,{'place_id': 'e3d941a68af042e7'}
12,1212274227727884291,"{'retweet_count': 0, 'reply_count': 1, 'like_count': 2, 'quote_count': 0}",@blanketkermit @unejay @futchwitch most of the things i liked are barely transferring bc spotify's music selection is actually shit lol,2020-01-01T08:06:23.000Z,1212283915148283904,"[{'type': 'replied_to', 'id': '1212282276639150080'}]",everyone,en,19757319,893388367345221632,Twitter for Android,
13,1212283910308143104,"{'retweet_count': 1, 'reply_count': 0, 'like_count': 4, 'quote_count': 0}",Put your records on https://t.co/NIbVPnBz2G,2020-01-01T08:06:22.000Z,1212283910308143104,,everyone,en,1128708234867507201,,Twitter for iPhone,
14,1212283908634685440,"{'retweet_count': 0, 'reply_count': 0, 'like_count': 2, 'quote_count': 0}",Spotify knows me so well. Play this at my funeral @Mister8984 https://t.co/4FGJPQoK9z,2020-01-01T08:06:21.000Z,1212283908634685440,,everyone,en,815753367075061760,,Twitter for Android,
15,1212283887335833600,"{'retweet_count': 0, 'reply_count': 0, 'like_count': 1, 'quote_count': 0}","Here’s a song for you… Yossism (Music from Telemonster) by Red Velvet
https://t.co/QdHY9Wvpcb",2020-01-01T08:06:16.000Z,1212283887335833600,,everyone,en,877888093306540032,,Twitter for Android,
16,1212283874946027520,"{'retweet_count': 0, 'reply_count': 0, 'like_count': 0, 'quote_count': 0}","If you like Fitz and the Tantrums you should listen to ""Waste"" by Foster The People https://t.co/wqncrIrTnS",2020-01-01T08:06:13.000Z,1212283874946027520,,everyone,en,1069048593275854848,,sbotify rec,
17,1212283863579254785,"{'retweet_count': 0, 'reply_count': 0, 'like_count': 0, 'quote_count': 0}",Liberated from the Negative by Abakus https://t.co/FEib3kxMDF #NowPlaying,2020-01-01T08:06:10.000Z,1212283863579254785,,everyone,en,1099450872784797696,,Twitter Web Client,
18,1212283849578663936,"{'retweet_count': 1, 'reply_count': 0, 'like_count': 1, 'quote_count': 0}","#HappyNewYears 

New Track Dropping On my Birthday January 2nd, 2020 🎂🙏🏽.
Much Love To All! 

#AplusPesos 
#AplusLifeStyle
#NostalgicMusic
#FSC
#SpinninNGrinnin #Spotify #Tidal 
#AppleMusic #iTunes #Rap #HipHop… https://t.co/GHZjhngHUo",2020-01-01T08:06:07.000Z,1212283849578663936,,everyone,en,892289795371581440,,Instagram,"{'place_id': '7b5667de9caf1b92', 'coordinates': {'type': 'Point', 'coordinates': [-122.236, 38.113]}}"
19,1212283843102662656,"{'retweet_count': 0, 'reply_count': 0, 'like_count': 0, 'quote_count': 0}","Careful - Remastered by Sebadoh
https://t.co/gGUfQ5GXV3",2020-01-01T08:06:05.000Z,1212283843102662656,,everyone,en,1696176277,,Twitter for Android,
20,1212283816485752833,"{'retweet_count': 0, 'reply_count': 0, 'like_count': 0, 'quote_count': 0}","Catch by Dana Gavanski, now playing on the Lauren Laverne show on #6Music. Spotify search: https://t.co/B8gUI7RGKW",2020-01-01T08:05:59.000Z,1212283816485752833,,everyone,en,1139166191476498432,,6 Music to Spotify,
21,1212283812622819328,"{'retweet_count': 2, 'reply_count': 0, 'like_count': 4, 'quote_count': 0}",Happy New Year everyone! Any favourite line from my Blessings single? https://t.co/2GvNHC5zRI #VideoOutSoon #Vision2020 https://t.co/F7ylprDZ25,2020-01-01T08:05:58.000Z,1212283812622819328,,everyone,en,858414740854509568,,Twitter for Android,
22,1212283804338884608,"{'retweet_count': 0, 'reply_count': 1, 'like_count': 0, 'quote_count': 0}","Decided to make another playlist! Hehe. This one consists of um, well.. old and new covers that basically aren't 'nakaka antok'. Lol. I still have a lot na papakinggan. Haha. Depende kung papasa? Char. Please suggest songs!! I'll listen to ett
https://t.co/l0l2lujS1s",2020-01-01T08:05:56.000Z,1212283804338884608,,everyone,en,470291629,,Twitter for Android,
23,1212283779945041920,"{'retweet_count': 0, 'reply_count': 1, 'like_count': 2, 'quote_count': 0}",My only resolution is to have @theestallion as my #1 artist played on my Spotify,2020-01-01T08:05:50.000Z,1212283779945041920,,everyone,en,4603446082,,Twitter for iPhone,
24,1212283751889129472,"{'retweet_count': 0, 'reply_count': 0, 'like_count': 1, 'quote_count': 0}",Happy Fucking New Years! https://t.co/bg5mya2Sob,2020-01-01T08:05:44.000Z,1212283751889129472,,everyone,en,970449999740878848,,Twitter for iPhone,
25,1212283749758578689,"{'retweet_count': 0, 'reply_count': 0, 'like_count': 0, 'quote_count': 0}","And the black smoke rises
From the fires we've been told
It's the new age crisis
And we will stand up in the cold
Stand up in the cold https://t.co/mYARJmyZGW",2020-01-01T08:05:43.000Z,1212283749758578689,,everyone,en,1129089970914959360,,Twitter for iPhone,
26,1212283747359326214,"{'retweet_count': 0, 'reply_count': 0, 'like_count': 1, 'quote_count': 0}","GOODNIGHT OOMFS!!! HAPPY NEW YEAR!!!!!!!! I LOVE BTS!!!!!!! 
https://t.co/P6HOqB5HtW",2020-01-01T08:05:43.000Z,1212283747359326214,,everyone,en,478884118,,Twitter for iPhone,{'place_id': '3b77caf94bfc81fe'}
27,1212283746579369984,"{'retweet_count': 0, 'reply_count': 0, 'like_count': 5, 'quote_count': 0}",Ice Cube  https://t.co/vFtUyRKsxs,2020-01-01T08:05:42.000Z,1212283746579369984,,everyone,en,77801470,,Twitter for iPhone,
28,1212283740170440704,"{'retweet_count': 0, 'reply_count': 0, 'like_count': 1, 'quote_count': 0}","😍😍😍💛💛💛… Yellow Hearts by Ant Saunders
https://t.co/XQ4oE8QPvv",2020-01-01T08:05:41.000Z,1212283740170440704,,everyone,en,37181233,,Twitter for Android,{'place_id': '01f01a153f2e384d'}
29,1212283734902243328,"{'retweet_count': 0, 'reply_count': 0, 'like_count': 0, 'quote_count': 0}",THIS WAS MY FIRST SONG OF 2020 LMAOOOO  https://t.co/eykhvkjcOR,2020-01-01T08:05:40.000Z,1212283734902243328,,everyone,en,827362954152550400,,Twitter for iPhone,
30,1212283719328747521,"{'retweet_count': 0, 'reply_count': 1, 'like_count': 0, 'quote_count': 0}",Misty Head / Sunny Street - Live In Amsterdam by Oscar Jerome https://t.co/SgjaxdodyC #NowPlaying,2020-01-01T08:05:36.000Z,1212283719328747521,,everyone,en,251137786,,Twitter Web Client,
31,1212283717948858368,"{'retweet_count': 0, 'reply_count': 0, 'like_count': 0, 'quote_count': 0}","First song of the New Year. Perfect. #NewYears2020 #itsonrandom 
https://t.co/92VxSFAh52",2020-01-01T08:05:36.000Z,1212283717948858368,,everyone,en,68197408,,Twitter for Android,
32,1212283700752158720,"{'retweet_count': 0, 'reply_count': 0, 'like_count': 0, 'quote_count': 0}","https://t.co/NpV7wdUU7R
Oh tell me Oh ya oh ya oh ya
@BTS_twt 
#BTSxRockinEve 
#BTSatTimeSquare",2020-01-01T08:05:32.000Z,1212283700752158720,,everyone,in,860684953725444096,,Twitter for iPhone,
33,1212283679252205568,"{'retweet_count': 0, 'reply_count': 0, 'like_count': 0, 'quote_count': 0}","this song is my soul 

https://t.co/xctJfnG3gp https://t.co/AlkTllHgoM",2020-01-01T08:05:26.000Z,1212283679252205568,"[{'type': 'quoted', 'id': '1212188029735055360'}]",everyone,en,859763547063984128,,Twitter for iPhone,
34,1212283658863661056,"{'retweet_count': 0, 'reply_count': 0, 'like_count': 0, 'quote_count': 0}","♪
 Mosquito by Yeah Yeah Yeahs
https://t.co/SgAwD0anFO",2020-01-01T08:05:22.000Z,1212283658863661056,,everyone,en,11785462,,Twitter for Android,
35,1212283648491360257,"{'retweet_count': 1, 'reply_count': 0, 'like_count': 4, 'quote_count': 0}",Put your records on https://t.co/wS5PYTrZTf,2020-01-01T08:05:19.000Z,1212283648491360257,,everyone,en,1128708234867507201,,Twitter for iPhone,
36,1212283604186722304,"{'retweet_count': 0, 'reply_count': 0, 'like_count': 0, 'quote_count': 0}","All is quiet on ...

https://t.co/efN9G9qB7o",2020-01-01T08:05:09.000Z,1212283604186722304,,everyone,en,559205119,,Twitter for iPhone,
37,1212015180491546625,"{'retweet_count': 0, 'reply_count': 0, 'like_count': 0, 'quote_count': 0}","@NefuDaBoss Got you, bro. I've linked you a few times before, but don't know if you've actually tuned in yet. I hope you get some time to. 🙏🏼

https://t.co/S216QP8AUG",2020-01-01T08:05:07.000Z,1212283599178936320,"[{'type': 'replied_to', 'id': '1212015180491546625'}]",everyone,en,82536683,46291977,Twitter for iPhone,
38,1212283599010971648,"{'retweet_count': 0, 'reply_count': 0, 'like_count': 0, 'quote_count': 0}","✅ STREAM OBSESSION 🆘🆘
#OBSESSION #EXO #EXODEUX
#weareoneEXO #EXOonearewe
@weareoneEXO @EXOonearewe

 https://t.co/ezziwrZ5Nl",2020-01-01T08:05:07.000Z,1212283599010971648,,everyone,en,1060761695524536323,,Twitter for iPhone,
39,1212283580656697344,"{'retweet_count': 0, 'reply_count': 2, 'like_count': 20, 'quote_count': 0}",happy new year!! not to be gay but thank you for following me for whatever reason and engaging with whatever nonsense i have to say.. here’s hoping 2020 is better than last year :) https://t.co/UialDMwJQ5,2020-01-01T08:05:03.000Z,1212283580656697344,,everyone,en,3088503949,,Twitter for iPhone,
40,1212283575627739138,"{'retweet_count': 0, 'reply_count': 0, 'like_count': 2, 'quote_count': 0}",https://t.co/ZDjc9MPOnJ  Something to blow the cobwebs off😎😎Ian,2020-01-01T08:05:02.000Z,1212283575627739138,,everyone,en,345275528,,Twitter for iPad,
41,1212283567159398400,"{'retweet_count': 0, 'reply_count': 0, 'like_count': 0, 'quote_count': 0}",Welcome 2020 #happynewyear2020 @rosaliavt @TechnicalGuruji @Ciroc @Spotify @ArianaGrande @Zendaya @iamcardib @SnoopDogg @AppleMusic @Drake @djsnake @djkhaled @NICKIMINAJ https://t.co/pbU6ms6WNs,2020-01-01T08:05:00.000Z,1212283567159398400,,everyone,en,1186671916502831104,,Twitter for Android,
42,1212283555885305856,"{'retweet_count': 0, 'reply_count': 0, 'like_count': 2, 'quote_count': 0}","First song I’m listing to in 2020... @BTS_twt’s “I’m Fine” per Yoongi’s recommendation 😊😘
https://t.co/b9Pta2XH7M https://t.co/dVMfPHAE0T",2020-01-01T08:04:57.000Z,1212283555885305856,"[{'type': 'quoted', 'id': '1032938184076750851'}]",everyone,en,406550470,,Twitter for iPhone,
43,1211820533769072641,"{'retweet_count': 1, 'reply_count': 1, 'like_count': 0, 'quote_count': 0}","@LUDAxQU Kayak iklan lol
Line for you

Softly, like calm water
I want to be stronger than anyone else!

https://t.co/jhyokITJ7d",2020-01-01T08:04:57.000Z,1212283555536965633,"[{'type': 'replied_to', 'id': '1212282423179759617'}]",everyone,en,2222584776,768685781678301185,Twitter for Android,
44,1212283528567615489,"{'retweet_count': 0, 'reply_count': 0, 'like_count': 0, 'quote_count': 0}",Side pa din all the waaaaaaaay!!! https://t.co/RA7kg2XtpQ,2020-01-01T08:04:51.000Z,1212283528567615489,,everyone,en,741971071377674240,,Twitter for iPhone,
45,1212283505540915200,"{'retweet_count': 0, 'reply_count': 1, 'like_count': 4, 'quote_count': 0}",i pressed shuffle on my spotify to see how my 2020 will be wowa :o https://t.co/SGCHsO4ydA,2020-01-01T08:04:45.000Z,1212283505540915200,,everyone,en,883397291238801409,,Twitter for iPhone,
46,1212283502126874624,"{'retweet_count': 0, 'reply_count': 0, 'like_count': 2, 'quote_count': 0}",Post Spotify wrapped so for sure no one cares but this was my top played song. Way out of my own comfort zone. https://t.co/bZLwjKBYtq,2020-01-01T08:04:44.000Z,1212283502126874624,,everyone,en,1149845290331123714,,Twitter for iPhone,
47,1211242254750191616,"{'retweet_count': 0, 'reply_count': 1, 'like_count': 0, 'quote_count': 0}",@saanharris @StlReckless Need new music? Check out this dope R&amp;B playlist for the best new music. We follow it! https://t.co/ym8qfOwvCX,2020-01-01T08:04:39.000Z,1212283481402687488,"[{'type': 'replied_to', 'id': '1211311404688584704'}]",everyone,en,30531853,1084237897941901312,Twitter Web App,
48,1212283469897895936,"{'retweet_count': 0, 'reply_count': 0, 'like_count': 0, 'quote_count': 0}","#NowPlaying2020 #DoubleUp (feat. #Belly and #DomKennedy) by #NipseyHussle
https://t.co/stFbK8Tzmv",2020-01-01T08:04:37.000Z,1212283469897895936,,everyone,en,23026561,,Twitter for Android,
49,1212283469889441793,"{'retweet_count': 0, 'reply_count': 0, 'like_count': 0, 'quote_count': 0}",first song I played in the new year https://t.co/yXBANCsLSW,2020-01-01T08:04:37.000Z,1212283469889441793,,everyone,en,2649336182,,Twitter for iPhone,
50,1212283404789506048,"{'retweet_count': 0, 'reply_count': 0, 'like_count': 0, 'quote_count': 0}","Here’s a song for you… Adire Hrudayam by Karthik
https://t.co/jTZX9owEjD",2020-01-01T08:04:21.000Z,1212283404789506048,,everyone,en,1050618164894027776,,Twitter for Android,
51,1212283401568309248,"{'retweet_count': 0, 'reply_count': 0, 'like_count': 0, 'quote_count': 0}","New year mood
 https://t.co/w1n1J1f0ud",2020-01-01T08:04:20.000Z,1212283401568309248,,everyone,en,1697782638,,Twitter for iPhone,
52,1212283401165774849,"{'retweet_count': 0, 'reply_count': 0, 'like_count': 0, 'quote_count': 0}","I need a happy ending...
... And a new beginning.
https://t.co/zs9Ns0SQTC",2020-01-01T08:04:20.000Z,1212283401165774849,,everyone,en,1370167152,,Twitter for Android,
53,1212282607779532801,"{'retweet_count': 0, 'reply_count': 0, 'like_count': 0, 'quote_count': 0}",@repalec fucking spotify and 2020 blessing me with my first hysterical laugh of 2020..,2020-01-01T08:04:08.000Z,1212283351505219584,"[{'type': 'replied_to', 'id': '1212283060080775168'}]",everyone,en,2831150872,2831150872,Twitter Web Client,
54,1212283330554548231,"{'retweet_count': 0, 'reply_count': 0, 'like_count': 1, 'quote_count': 0}","https://t.co/4UZ6IsUoIj

I can't get this out of my head",2020-01-01T08:04:03.000Z,1212283330554548231,,everyone,en,607771230,,Twitter for Android,
55,1212283320547127298,"{'retweet_count': 0, 'reply_count': 0, 'like_count': 0, 'quote_count': 0}","One Day At A Time by Lynda Randle
https://t.co/A6yVf5mh6y",2020-01-01T08:04:01.000Z,1212283320547127298,,everyone,en,324905528,,Twitter for Android,
56,1212283308404428801,"{'retweet_count': 0, 'reply_count': 0, 'like_count': 2, 'quote_count': 0}","Happy New Year 🥳
https://t.co/Sk9QX8WQDC",2020-01-01T08:03:58.000Z,1212283308404428801,,everyone,en,248378974,,Twitter for Android,
57,1212282491127517185,"{'retweet_count': 0, 'reply_count': 1, 'like_count': 1, 'quote_count': 0}",@SUNHASHlRA lmaoooo spotify gnoted u,2020-01-01T08:03:58.000Z,1212283307699974144,"[{'type': 'replied_to', 'id': '1212282517488730112'}]",everyone,en,1070207530234798080,1104968255158988802,Twitter for iPhone,
58,1212283300594814976,"{'retweet_count': 0, 'reply_count': 0, 'like_count': 3, 'quote_count': 0}","first song I listened to in 2020, this years gonna be the best one yet, trust. https://t.co/5SfRhvuCOg",2020-01-01T08:03:56.000Z,1212283300594814976,,everyone,en,406709680,,Twitter for iPhone,
59,1212283297394499584,"{'retweet_count': 0, 'reply_count': 0, 'like_count': 0, 'quote_count': 0}","And music wise already starting out the year in style with discover weekly lists.

It's like Perturbator and Daft Punk's Rinzler remix had a fucked up flipper baby in slimeline lights and devoured the soul of the Grid. I'll take it.

https://t.co/F1H5gMEoNb",2020-01-01T08:03:55.000Z,1212283297394499584,,everyone,en,111812717,,Twitter for Android,
60,1212283271028989957,"{'retweet_count': 0, 'reply_count': 0, 'like_count': 0, 'quote_count': 0}","Here’s a song for you… BIGGER by Beyoncé
https://t.co/yw5peN0NJR",2020-01-01T08:03:49.000Z,1212283271028989957,,everyone,en,1039595561375035392,,Twitter for Android,
61,1212283267476590593,"{'retweet_count': 0, 'reply_count': 0, 'like_count': 0, 'quote_count': 0}","Netflix blew the release for ‘Toss a Coin to Your Witcher,’ the hit song of the season https://t.co/AB52AoFY1C",2020-01-01T08:03:48.000Z,1212283267476590593,,everyone,en,1445896531,,Facebook,
62,1212283262455795712,"{'retweet_count': 0, 'reply_count': 0, 'like_count': 0, 'quote_count': 0}","while the hype for #YouNetflix #YOUSEASON2 is still fresh, please check out mothxr where penn badgley serves as the lead vocals! They have one EP out and it's so good! Please check them out if you can! https://t.co/mNoCKWlT2W",2020-01-01T08:03:47.000Z,1212283262455795712,,everyone,en,873725492624412672,,Twitter for Android,
63,1212277796132683776,"{'retweet_count': 5, 'reply_count': 1, 'like_count': 32, 'quote_count': 0}","OKAY FINALLY ITS 2020 HERE ALDKDKCEKDK AND YOONGI SAID TO LISTEN TO IM FINE SO WE LISTENIN TO IM FINE FOR THE NEW YEAR SO HAPPY NEW YEAR YALL💜💜💜🎉🎉🎉
https://t.co/DgxRdcIt1u",2020-01-01T08:03:45.000Z,1212283253077372928,"[{'type': 'replied_to', 'id': '1212277796132683776'}]",everyone,en,1057903255471108096,1057903255471108096,Twitter for iPhone,
64,1212283205908344832,"{'retweet_count': 0, 'reply_count': 0, 'like_count': 0, 'quote_count': 0}",This goes out to all my friends (though the lyrics denote something else) https://t.co/ZPk1jrJqqo,2020-01-01T08:03:34.000Z,1212283205908344832,,everyone,en,5907282,,Twitter for iPhone,
65,1212283194126434304,"{'retweet_count': 0, 'reply_count': 0, 'like_count': 0, 'quote_count': 0}","Welcome back to the Roaring 20's! @PanicAtTheDisco
@brendonurie https://t.co/3hn8iuMwJY",2020-01-01T08:03:31.000Z,1212283194126434304,,everyone,en,2736211278,,Twitter for Android,
66,1212283167123628033,"{'retweet_count': 0, 'reply_count': 0, 'like_count': 1, 'quote_count': 0}",I forgot tpab and gkmc were this decade... https://t.co/20tL2dNtu7,2020-01-01T08:03:24.000Z,1212283167123628033,,everyone,en,78617337,,Twitter for iPhone,
67,1212283156239306752,"{'retweet_count': 0, 'reply_count': 0, 'like_count': 0, 'quote_count': 0}",I wanna throw bands on these hoes https://t.co/ASJq9RZOc9,2020-01-01T08:03:22.000Z,1212283156239306752,,everyone,en,1212143268634349568,,Twitter for iPad,
68,1212283138627526656,"{'retweet_count': 0, 'reply_count': 0, 'like_count': 0, 'quote_count': 0}","Oh Cruel Darkness Embrace Me by IAMX
https://t.co/jmV4jHDGKX",2020-01-01T08:03:18.000Z,1212283138627526656,,everyone,en,1098100514334695424,,Twitter for Android,
69,1212283104758337536,"{'retweet_count': 1, 'reply_count': 1, 'like_count': 2, 'quote_count': 0}",First song i’m listening to on New Year’s Day. https://t.co/ML7sGjuyG7,2020-01-01T08:03:09.000Z,1212283104758337536,,everyone,en,1031560998790942720,,Twitter for iPhone,
70,1210587592556716033,"{'retweet_count': 0, 'reply_count': 1, 'like_count': 0, 'quote_count': 0}","Ep. 1 - BEING LIKE A TREE PLANTED BY THE STREAMS OF WATER (Psalms 1) 

Anchor: https://t.co/byf6FXFIlD

Apple Podcasts: https://t.co/XyZSl2LPWJ

Spotify: https://t.co/G2Ld9Qk2Vo

Google Podcasts: https://t.co/8Ov42uglSx",2020-01-01T08:03:09.000Z,1212283102585864197,"[{'type': 'replied_to', 'id': '1210589670964420608'}]",everyone,en,404495846,404495846,Twitter for iPhone,
71,1207098228170051584,"{'retweet_count': 0, 'reply_count': 0, 'like_count': 0, 'quote_count': 0}",@Borat_Jnr Hmm the thing here is that I haven't succumbed to the lures of Spotify so I can't see/play said song.. I'll find it on YouTube,2020-01-01T08:03:07.000Z,1212283094515929090,"[{'type': 'replied_to', 'id': '1207098228170051584'}]",everyone,en,221951265,271304420,Twitter for Android,
72,1212283084084666368,"{'retweet_count': 0, 'reply_count': 0, 'like_count': 3, 'quote_count': 0}",Stuff I liked from the past https://t.co/aef3N144Bv,2020-01-01T08:03:05.000Z,1212283084084666368,,everyone,en,435555824,,Twitter for iPhone,
73,1212283083728150529,"{'retweet_count': 0, 'reply_count': 0, 'like_count': 0, 'quote_count': 0}","Happy New Year to @BTS_twt and ARMY. You made my 2019 so special and I am excited to keep it going into 2020. I’m ringing in the New Year with good vibes and BTS. Peace everyone. 
https://t.co/xpHmPk1PO4",2020-01-01T08:03:04.000Z,1212283083728150529,,everyone,en,1141076345570467840,,Twitter for iPhone,
74,1212283077935992833,"{'retweet_count': 0, 'reply_count': 0, 'like_count': 0, 'quote_count': 0}",Streaming now accounts for 80 percent of the US music market https://t.co/wGcPHYvcQc https://t.co/dsUQETgy1R,2020-01-01T08:03:03.000Z,1212283077935992833,,everyone,en,20134038,,Twibble.io,
75,1212283054405799936,"{'retweet_count': 0, 'reply_count': 0, 'like_count': 0, 'quote_count': 0}","♪
Poison by Martina Topley-Bird
https://t.co/qYIF8UgEe1",2020-01-01T08:02:57.000Z,1212283054405799936,,everyone,en,11785462,,Twitter for Android,
76,1212283037117034496,"{'retweet_count': 0, 'reply_count': 0, 'like_count': 3, 'quote_count': 0}","Here’s a song for you… Jump Around by House Of Pain
https://t.co/jlDGTIWcvn",2020-01-01T08:02:53.000Z,1212283037117034496,,everyone,en,811646391483322368,,Twitter for Android,
77,1212283033207951360,"{'retweet_count': 0, 'reply_count': 0, 'like_count': 0, 'quote_count': 0}","Tainted Love by Gloria Jones, now playing on the Lauren Laverne show on #6Music. Spotify search: https://t.co/lT3MRU4tRp",2020-01-01T08:02:52.000Z,1212283033207951360,,everyone,en,1139166191476498432,,6 Music to Spotify,
78,1212283009472376833,"{'retweet_count': 0, 'reply_count': 0, 'like_count': 1, 'quote_count': 0}","Listen to #BlackLove by @sarkodie using the link below 
https://t.co/GxCU5ZNoYQ",2020-01-01T08:02:47.000Z,1212283009472376833,,everyone,en,1157974814516293632,,Twitter for Android,
79,1212283005231865858,"{'retweet_count': 0, 'reply_count': 0, 'like_count': 0, 'quote_count': 0}",🎧 New #Music on #Spotify 💪 click here👇 and follow the rhythm 💃 #edmfamily #dance #topdj #streaming #ibiza #amsterdam #milano #roma #london #paris https://t.co/SVmsEELRwn,2020-01-01T08:02:46.000Z,1212283005231865858,,everyone,en,241938289,,PostPickr,
80,1212282991164047360,"{'retweet_count': 0, 'reply_count': 0, 'like_count': 0, 'quote_count': 0}",Heartbeat (BTS World Original Soundtrack) by BTS https://t.co/la1S8fFspg #NowPlaying,2020-01-01T08:02:42.000Z,1212282991164047360,,everyone,en,859939005776838656,,Twitter Web App,
81,1212282989880627200,"{'retweet_count': 0, 'reply_count': 0, 'like_count': 0, 'quote_count': 0}",Udon Town โดย Anatomy Rabbit https://t.co/Tjn2P5tjuJ #NowPlaying,2020-01-01T08:02:42.000Z,1212282989880627200,,everyone,en,1014872601737531392,,Twitter Web Client,
82,1212282972633812993,"{'retweet_count': 0, 'reply_count': 0, 'like_count': 0, 'quote_count': 0}","🔥🔥🔥 

✅ Promote your #Music via #ArtistRack

👉 you can submit directly here: https://t.co/Ock9pksuO3 

👉any questions please dm us

👉you can see our recent promo here: https://t.co/48WB5ebDeN 

#SPOTIFY #SPOTIFYPLAYLIST #MUSICPROMO #HIPHOP #ROCK #ROCKMUSIC https://t.co/Ug2QnJ5di6",2020-01-01T08:02:38.000Z,1212282972633812993,,everyone,en,844344403,,Twitter Web App,
83,1212282965499080705,"{'retweet_count': 0, 'reply_count': 0, 'like_count': 0, 'quote_count': 0}","Switching out the word ""guy"" for ""life""… #IDeserveIt by @Madonna
https://t.co/eRcGzN9AH6",2020-01-01T08:02:36.000Z,1212282965499080705,,everyone,en,23746064,,Twitter for Android,
84,1212282956456382465,"{'retweet_count': 0, 'reply_count': 0, 'like_count': 0, 'quote_count': 0}",Enigma by Nhato now trending in #trance and #progressive https://t.co/wGCpII6o9C,2020-01-01T08:02:34.000Z,1212282956456382465,,everyone,en,1128182641306603520,,IFTTT,
85,1212282954988376064,"{'retweet_count': 0, 'reply_count': 0, 'like_count': 0, 'quote_count': 0}",Reverse - Original Mix by MVI now trending in #trance and #progressive https://t.co/DvcTrhsw5Z,2020-01-01T08:02:34.000Z,1212282954988376064,,everyone,en,1128182641306603520,,IFTTT,
86,1212282953352536064,"{'retweet_count': 0, 'reply_count': 0, 'like_count': 0, 'quote_count': 0}",Mountain High by Matthias Bishop now trending in #trance and #progressive https://t.co/beONaiXzrD,2020-01-01T08:02:33.000Z,1212282953352536064,,everyone,en,1128182641306603520,,IFTTT,
87,1212282951200886784,"{'retweet_count': 0, 'reply_count': 0, 'like_count': 0, 'quote_count': 0}","So Good by Charles Tsai, Sarah Lynn now trending in #trance and #progressive https://t.co/iAMcEOMBdG",2020-01-01T08:02:33.000Z,1212282951200886784,,everyone,en,1128182641306603520,,IFTTT,
88,1212282949640638465,"{'retweet_count': 0, 'reply_count': 0, 'like_count': 0, 'quote_count': 0}","Hide by Pulse of the Beat, Stephanie Kay now trending in #trance and #progressive https://t.co/jj0dxEQEBR",2020-01-01T08:02:32.000Z,1212282949640638465,,everyone,en,1128182641306603520,,IFTTT,
89,1212282948269031424,"{'retweet_count': 0, 'reply_count': 0, 'like_count': 0, 'quote_count': 0}",Wasteland - Radio Edit by James Goldstone now trending in #trance and #progressive https://t.co/XogFE81MNk,2020-01-01T08:02:32.000Z,1212282948269031424,,everyone,en,1128182641306603520,,IFTTT,
90,1212282946780041216,"{'retweet_count': 0, 'reply_count': 0, 'like_count': 0, 'quote_count': 0}",Stay - Mixed by Paipy now trending in #trance and #progressive https://t.co/1FtRSLWj4v,2020-01-01T08:02:32.000Z,1212282946780041216,,everyone,en,1128182641306603520,,IFTTT,
91,1212282945056202752,"{'retweet_count': 0, 'reply_count': 0, 'like_count': 0, 'quote_count': 0}",System Crash by Sailing Airwave now trending in #trance and #progressive https://t.co/TvyyGiXRTm,2020-01-01T08:02:31.000Z,1212282945056202752,,everyone,en,1128182641306603520,,IFTTT,
92,1212282943483367424,"{'retweet_count': 0, 'reply_count': 0, 'like_count': 0, 'quote_count': 0}",On The Top by Frango now trending in #trance and #progressive https://t.co/sGlm8wY6EY,2020-01-01T08:02:31.000Z,1212282943483367424,,everyone,en,1128182641306603520,,IFTTT,
93,1212282940958367744,"{'retweet_count': 0, 'reply_count': 0, 'like_count': 0, 'quote_count': 0}","Radiance - Sixthsense Remix by New Horizons, SixthSense now trending in #trance and #progressive https://t.co/GyE5YjaYn9",2020-01-01T08:02:30.000Z,1212282940958367744,,everyone,en,1128182641306603520,,IFTTT,
94,1212211483888803841,"{'retweet_count': 0, 'reply_count': 0, 'like_count': 1, 'quote_count': 0}",@AdrianCoxMusic @iTunes @AppleMusic @amazonmusic @GooglePlayMusic @Spotify Hope 2020 is a really good one! Looking forward to the 11th at Pizza Express🎶🎶🎶🎷🎷🎷,2020-01-01T08:02:30.000Z,1212282939180011521,"[{'type': 'replied_to', 'id': '1212211483888803841'}]",everyone,en,213040093,875712420,Twitter for iPhone,
95,1212282937720365056,"{'retweet_count': 0, 'reply_count': 0, 'like_count': 0, 'quote_count': 0}","Rise of The Fallen by Rolfiek, Jeitam Osheen now trending in #trance and #progressive https://t.co/6yyjMaE6yt",2020-01-01T08:02:30.000Z,1212282937720365056,,everyone,en,1128182641306603520,,IFTTT,
96,1212280983761801216,"{'retweet_count': 0, 'reply_count': 0, 'like_count': 1, 'quote_count': 0}",It was https://t.co/IgtBCOAADQ,2020-01-01T08:02:30.000Z,1212282937653121024,"[{'type': 'replied_to', 'id': '1212280983761801216'}]",everyone,en,1256305273,1256305273,Twitter for iPhone,
97,1212282935442849795,"{'retweet_count': 0, 'reply_count': 0, 'like_count': 0, 'quote_count': 0}",Little Things In Life by Artyficial now trending in #trance and #progressive https://t.co/nU1EJudZyJ,2020-01-01T08:02:29.000Z,1212282935442849795,,everyone,en,1128182641306603520,,IFTTT,
98,1212282933064687617,"{'retweet_count': 0, 'reply_count': 0, 'like_count': 0, 'quote_count': 0}",Backwash by Andy Kern (DE) now trending in #trance and #progressive https://t.co/Cxb6o95Vt2,2020-01-01T08:02:29.000Z,1212282933064687617,,everyone,en,1128182641306603520,,IFTTT,
99,1212282921001734147,"{'retweet_count': 0, 'reply_count': 0, 'like_count': 1, 'quote_count': 0}","missing tvxq a lot. they literally had 0 comebacks in 2019 (not including Yunho’s solo), not to mention what should have been their first ever concert here got cancelled too. ☹️ https://t.co/rOHFeihEWV",2020-01-01T08:02:26.000Z,1212282921001734147,,everyone,en,782549819285909504,,Twitter for iPhone,
100,1212282920578289665,"{'retweet_count': 0, 'reply_count': 1, 'like_count': 4, 'quote_count': 0}","Memories, a song by @RachelleMaust on Spotify
https://t.co/0ABGmsMbtt https://t.co/GaSY87sTys",2020-01-01T08:02:26.000Z,1212282920578289665,,everyone,en,86584390,,Crowdfire App,
101,1212282902408552448,"{'retweet_count': 0, 'reply_count': 0, 'like_count': 0, 'quote_count': 0}","This song is on the brain currently 
 https://t.co/7Ed5NMfQuD",2020-01-01T08:02:21.000Z,1212282902408552448,,everyone,en,1081396928976429056,,Twitter for iPad,
102,1212282896662155264,"{'retweet_count': 0, 'reply_count': 0, 'like_count': 0, 'quote_count': 0}","Onto 2020 💖
https://t.co/Ci897wT1oc",2020-01-01T08:02:20.000Z,1212282896662155264,,everyone,pt,128756296,,Twitter for Android,
103,1212282894774751233,"{'retweet_count': 0, 'reply_count': 0, 'like_count': 1, 'quote_count': 0}","if i had your heart it wouldn't be this hard

https://t.co/WwuEJ2nZbO",2020-01-01T08:02:19.000Z,1212282894774751233,,everyone,en,881566833739841536,,Twitter for iPhone,
104,1212282888764280832,"{'retweet_count': 2, 'reply_count': 0, 'like_count': 3, 'quote_count': 0}",i heard “here comes better days” as soon and it hit 12:00 and i’ve never wanted to cry more man https://t.co/XDbnqf62bV,2020-01-01T08:02:18.000Z,1212282888764280832,,everyone,en,710527159371239425,,Twitter for iPhone,
105,1212282885073358849,"{'retweet_count': 0, 'reply_count': 0, 'like_count': 7, 'quote_count': 0}",happy new year 🥳 first song of 2020 happy vibes only https://t.co/9XOaUZhfkL,2020-01-01T08:02:17.000Z,1212282885073358849,,everyone,en,889683540886962176,,Twitter for iPhone,
106,1212282862407274496,"{'retweet_count': 1, 'reply_count': 0, 'like_count': 10, 'quote_count': 0}","Happy New Year everyone ✨ #HappyNewYear2020 

https://t.co/gSmX0OMNpd",2020-01-01T08:02:12.000Z,1212282862407274496,,everyone,en,1137726721447219200,,Twitter for Android,
107,1212282861019107328,"{'retweet_count': 0, 'reply_count': 0, 'like_count': 1, 'quote_count': 0}",just wanna say that it’s absolute doodie stinky bullshit that JoJo doesn’t have her original makes of “leave(get out)” and “too little too late” on spotify. like it’s only the 2018 remade versions. wtfricks that supposed to do for me??? H.O.N.E.S.T.L.Y. bums 14 year old me out fr,2020-01-01T08:02:11.000Z,1212282861019107328,,everyone,en,1169771675082219520,,Twitter for iPhone,
108,1212282852735242240,"{'retweet_count': 0, 'reply_count': 0, 'like_count': 0, 'quote_count': 0}","Bach Meets Marimba – The Art of Fugue &amp; A Musical Offering
Spotify : https://t.co/p0s3tkXBZb
Deezer : https://t.co/jzDWQQTD4U",2020-01-01T08:02:09.000Z,1212282852735242240,,everyone,en,4849173670,,twittbot.net,
109,1212282845189701632,"{'retweet_count': 0, 'reply_count': 0, 'like_count': 0, 'quote_count': 0}",Thank you Damas Gratis for spending 38 hours with me this year on @Spotify. You are my #1. #spotifywrapped https://t.co/ZJUQGgv7Tz,2020-01-01T08:02:08.000Z,1212282845189701632,,everyone,en,721356959803265026,,Twitter Web Client,
110,1212282840039219202,"{'retweet_count': 0, 'reply_count': 0, 'like_count': 1, 'quote_count': 0}",Come Rain Or Come Shine by Bill Evans Trio https://t.co/HH5qNOIsnk #NowPlaying   anyone...this and the next tune are labeled explicit...i can dig that...explicitly sick keys...,2020-01-01T08:02:06.000Z,1212282840039219202,,everyone,en,896191934,,Twitter Web Client,
111,1212282817918521344,"{'retweet_count': 1, 'reply_count': 1, 'like_count': 2, 'quote_count': 0}",happy new year jen + west coast let’s 🥳 get it   https://t.co/ceK3oyFxgJ,2020-01-01T08:02:01.000Z,1212282817918521344,,everyone,en,232437400,,Twitter for iPhone,
112,1212282771613204481,"{'retweet_count': 0, 'reply_count': 0, 'like_count': 2, 'quote_count': 0}","first song of 2020
 https://t.co/8FxTxBZNLu",2020-01-01T08:01:50.000Z,1212282771613204481,,everyone,en,168707664,,Twitter for iPhone,
113,1212282743578451968,"{'retweet_count': 0, 'reply_count': 0, 'like_count': 0, 'quote_count': 0}","Me and the Kids oleh Dom 65
https://t.co/fRbZ1zY9LW",2020-01-01T08:01:43.000Z,1212282743578451968,,everyone,en,379702518,,Twitter for Android,
114,1212282734933987329,"{'retweet_count': 0, 'reply_count': 0, 'like_count': 3, 'quote_count': 0}","noize
https://t.co/Mfi8WOYUb5",2020-01-01T08:01:41.000Z,1212282734933987329,,everyone,en,787980357765173248,,Twitter for Android,
115,1212282714100887552,"{'retweet_count': 0, 'reply_count': 0, 'like_count': 0, 'quote_count': 0}","Happy New Year, Y’all!! Celebrate with old music! 
https://t.co/bZxHQuTQSt",2020-01-01T08:01:36.000Z,1212282714100887552,,everyone,en,615275939,,Twitter for iPhone,
116,1212282710733008897,"{'retweet_count': 1, 'reply_count': 0, 'like_count': 2, 'quote_count': 0}",How do you tell someone that their playlist slaps without letting them know you stalk their spotify.,2020-01-01T08:01:36.000Z,1212282710733008897,,everyone,en,993271366672683009,,childrensbotlas,
117,1212282703447494657,"{'retweet_count': 0, 'reply_count': 0, 'like_count': 0, 'quote_count': 0}","Always 
https://t.co/YPPtY2PzuD",2020-01-01T08:01:34.000Z,1212282703447494657,,everyone,en,169411753,,Twitter for Android,
118,1212282668571709441,"{'retweet_count': 0, 'reply_count': 0, 'like_count': 1, 'quote_count': 0}","Happy New Year

now playing:
https://t.co/yS1EYUcebY",2020-01-01T08:01:25.000Z,1212282668571709441,,everyone,en,913566500274937857,,Twitter Web App,
119,1212282663836569601,"{'retweet_count': 0, 'reply_count': 0, 'like_count': 0, 'quote_count': 0}","Turning 21 is the best feeling in the world. Check out my new track “Do What I Want” !!   
                    
https://t.co/2iDFSdQgIR",2020-01-01T08:01:24.000Z,1212282663836569601,,everyone,en,786991325933608960,,The Social Jukebox,
120,1212282646807687173,"{'retweet_count': 4, 'reply_count': 1, 'like_count': 27, 'quote_count': 0}","Here’s an album for you to bang in this New Year… SoundMan Vol. 1 Starboy
https://t.co/AlNQIp2XcS",2020-01-01T08:01:20.000Z,1212282646807687173,,everyone,en,1041067526262874113,,Twitter for Android,
121,1212125021709258752,"{'retweet_count': 0, 'reply_count': 0, 'like_count': 0, 'quote_count': 0}","@UnsignedChat @UnsignedChat gotcha

https://t.co/MwEUBewI1w",2020-01-01T08:01:19.000Z,1212282642181296128,"[{'type': 'replied_to', 'id': '1212125021709258752'}]",everyone,en,839226244247998464,609401800,Twitter for Android,
122,1212282638469390336,"{'retweet_count': 0, 'reply_count': 0, 'like_count': 0, 'quote_count': 0}","Consider this our Christmas gift from us to all your #StarWars fans out there - it's our #TheRiseOfSkywalker review as we say goodbye to The Skywalker Saga.

https://t.co/zgfCt91cye

iTunes: https://t.co/JLOxLqWs7w / Spotify: https://t.co/e8TWqdomEb https://t.co/IFkGW9jW9E",2020-01-01T08:01:18.000Z,1212282638469390336,,everyone,en,4370092456,,Hootsuite Inc.,
123,1212282633750634498,"{'retweet_count': 0, 'reply_count': 0, 'like_count': 1, 'quote_count': 0}","Crazy Little Thing Called Love - Remastered 2011 by Queen
https://t.co/kQXW3uIQYA",2020-01-01T08:01:17.000Z,1212282633750634498,,everyone,en,1595045810,,Twitter for Android,
124,1212282626582691840,"{'retweet_count': 0, 'reply_count': 0, 'like_count': 0, 'quote_count': 0}","#NowPlaying2020 #YourPeace (feat. #LilBaby) by #Jacquees
https://t.co/roMpIdDaDn",2020-01-01T08:01:15.000Z,1212282626582691840,,everyone,en,23026561,,Twitter for Android,
125,1212282619880062977,"{'retweet_count': 0, 'reply_count': 0, 'like_count': 6, 'quote_count': 0}",Happy New Year/Decade everyone! ❤️🧡💛💚💙💜🖤https://t.co/fY62GMzNax  #happynewyear2020,2020-01-01T08:01:14.000Z,1212282619880062977,,everyone,en,2530751196,,Twitter Web App,
126,1212282616092577793,"{'retweet_count': 0, 'reply_count': 0, 'like_count': 0, 'quote_count': 0}",Went into 2020 with  https://t.co/jfBAcjnbI3,2020-01-01T08:01:13.000Z,1212282616092577793,,everyone,en,2316515959,,Twitter for iPhone,
127,1212282608169758720,"{'retweet_count': 0, 'reply_count': 0, 'like_count': 0, 'quote_count': 0}",It’s all about streaming #Spotify #AppleMusic #streaming  https://t.co/mdX8uUHVah,2020-01-01T08:01:11.000Z,1212282608169758720,,everyone,en,2288274231,,Twitter for iPhone,
128,1212282595720908800,"{'retweet_count': 0, 'reply_count': 0, 'like_count': 0, 'quote_count': 0}","How I always lose my mind when I imagine You with her, my love?
https://t.co/P7ik0t3XK1",2020-01-01T08:01:08.000Z,1212282595720908800,,everyone,en,899233773237096449,,Twitter for Android,
129,1212282569548419072,"{'retweet_count': 0, 'reply_count': 1, 'like_count': 1, 'quote_count': 0}",@SpotifyCares is it possible to get notified about log in attempts? Someone hacked my account as well as the Hulu associated with my Spotify account.,2020-01-01T08:01:02.000Z,1212282569548419072,,everyone,en,320040086,497340309,Twitter for iPhone,{'place_id': 'fbd6d2f5a4e4a15e'}
130,1212282555656884224,"{'retweet_count': 0, 'reply_count': 0, 'like_count': 0, 'quote_count': 0}","Here’s a song for you… On the What by Cynical Hussl #HappyNewYears2020
https://t.co/DtGDfPNLSg",2020-01-01T08:00:59.000Z,1212282555656884224,,everyone,en,46988298,,Twitter for Android,
131,1212282538007220225,"{'retweet_count': 0, 'reply_count': 0, 'like_count': 0, 'quote_count': 0}","I’ve been listening to this song since LAST YEAR @chaelinCL
https://t.co/IGgmj4nDJb",2020-01-01T08:00:54.000Z,1212282538007220225,,everyone,en,3016146934,,Twitter for iPhone,
132,1212280779616772097,"{'retweet_count': 0, 'reply_count': 0, 'like_count': 0, 'quote_count': 0}","@NICKIMINAJ @gorillaz This guy

https://t.co/pC6U8r2OIK",2020-01-01T08:00:54.000Z,1212282535214014465,"[{'type': 'replied_to', 'id': '1212280779616772097'}]",everyone,en,942141075858141184,942141075858141184,Twitter Web App,
133,1212282518700843008,"{'retweet_count': 0, 'reply_count': 0, 'like_count': 0, 'quote_count': 0}",https://t.co/ta7FmJsvsK ALSO ITS JUS THE BEGINNING MOFOS!!!!!!!!!!!!!! (@drezomusic ),2020-01-01T08:00:50.000Z,1212282518700843008,,everyone,en,761625313893691392,,Twitter for iPhone,
134,1212282486169858048,"{'retweet_count': 0, 'reply_count': 0, 'like_count': 4, 'quote_count': 0}","laura said to me this decade's gonna be fucked

fuck you 2019

may 2020 be magic

https://t.co/SXGDhJvQZM",2020-01-01T08:00:42.000Z,1212282486169858048,,everyone,en,16375562,,Twitter for Android,
135,1212282485041594369,"{'retweet_count': 0, 'reply_count': 0, 'like_count': 1, 'quote_count': 0}",tweeting this as my first tweet of 2020 to start things off right ✨ we’ll be alright!! https://t.co/jrsgU8aN05,2020-01-01T08:00:42.000Z,1212282485041594369,,everyone,en,2708568325,,Twitter for iPhone,
136,1212282130174115840,"{'retweet_count': 0, 'reply_count': 0, 'like_count': 0, 'quote_count': 0}","having Apple music, spotify and Youtube in our phones, Do you still listen to radio?",2020-01-01T08:00:41.000Z,1212282480083881988,"[{'type': 'replied_to', 'id': '1212282130174115840'}]",everyone,en,400615323,400615323,Twitter for iPhone,
137,1212282454863699969,"{'retweet_count': 2, 'reply_count': 0, 'like_count': 3, 'quote_count': 0}","PARTNER 3, Evolut Low Risk, SAFARI &amp; COAPT were the key ACC trials highlighted by @SukhNijjer &amp; @AnkurKalraMD in our final our final #RCpodcast🎧 of 2019.

Did they miss any trials from #ACC19?

Listen on Soundcloud, Spotify &amp; iTunes/ApplePodcast!
&gt;&gt; https://t.co/nizTs3rvZk https://t.co/ldvZH3lBMF",2020-01-01T08:00:35.000Z,1212282454863699969,,everyone,en,38459380,,SmarterQueue,
138,1212282434068180995,"{'retweet_count': 0, 'reply_count': 0, 'like_count': 0, 'quote_count': 0}",FIRST SONG OF THE DECADE!!! https://t.co/yybykVC8B0,2020-01-01T08:00:30.000Z,1212282434068180995,,everyone,en,1141906357265850369,,Twitter for iPhone,
139,1212282406859943936,"{'retweet_count': 0, 'reply_count': 0, 'like_count': 0, 'quote_count': 0}","Have a listen to ""Dream Draw"", a little EP from me https://t.co/NjadYIuwx1",2020-01-01T08:00:23.000Z,1212282406859943936,,everyone,en,165234575,,IFTTT,
140,1212282343962107904,"{'retweet_count': 0, 'reply_count': 0, 'like_count': 0, 'quote_count': 0}",Don't forget you can listen to Be It Me Not You - The Photography Podcast on pocketcasts https://t.co/CEdczCwyjK #podcast #podcasts #podcasting #music #spotify #radio #podcastlife #podcaster #youtube #itunes #comedy #hiphop #love #podcasters #podcastersofinstagram #interview,2020-01-01T08:00:08.000Z,1212282343962107904,,everyone,en,875324072640565250,,IFTTT,
141,1212169434883874823,"{'retweet_count': 0, 'reply_count': 0, 'like_count': 0, 'quote_count': 0}",@leglift14 Bartender life is having your account overdrawn over netflix and spotify,2020-01-01T08:00:04.000Z,1212282326799069185,"[{'type': 'replied_to', 'id': '1212169434883874823'}]",everyone,en,3032079446,1399620367,Twitter for Android,
142,1212282322063507458,"{'retweet_count': 0, 'reply_count': 1, 'like_count': 3, 'quote_count': 0}",first track of 2020 u know the vibes happy new year! https://t.co/aXZBv4bO2y,2020-01-01T08:00:03.000Z,1212282322063507458,,everyone,en,894123818209361921,,Twitter for iPhone,
143,1212282321807777792,"{'retweet_count': 0, 'reply_count': 0, 'like_count': 0, 'quote_count': 0}",Thelonious Monk: I'm Getting Sentimental Over You https://t.co/bHOTZfxamN,2020-01-01T08:00:03.000Z,1212282321807777792,,everyone,en,961633097371537408,,Duukkis,
144,1212282320893251584,"{'retweet_count': 0, 'reply_count': 0, 'like_count': 0, 'quote_count': 0}",i didn’t know .. john mayer was so user friendly .. #Bravo. John https://t.co/xppYlXf0nK .. good on ya,2020-01-01T08:00:03.000Z,1212282320893251584,,everyone,en,713729333114712064,,Twitter for iPhone,
145,1212280800944672770,"{'retweet_count': 0, 'reply_count': 0, 'like_count': 0, 'quote_count': 0}",@patient47245143 Happy New Year queen! I’ve been non stop listening to you on Spotify and I’m super proud of you!,2020-01-01T08:00:02.000Z,1212282318733348864,"[{'type': 'replied_to', 'id': '1212280800944672770'}]",everyone,en,883905987274559488,1171500801077825538,Twitter for iPhone,
146,1212282318376730624,"{'retweet_count': 0, 'reply_count': 0, 'like_count': 1, 'quote_count': 1}","It was the end of a decade, but the start of an age https://t.co/178cre8Raf",2020-01-01T08:00:02.000Z,1212282318376730624,,everyone,en,2222876016,,Twitter for iPhone,
147,1212282317487648773,"{'retweet_count': 0, 'reply_count': 0, 'like_count': 0, 'quote_count': 0}","#songrobot's #FavouriteSong #1616 🎶 That Girl - salute, Gabrielle Aplin https://t.co/j73pVMUAf8",2020-01-01T08:00:02.000Z,1212282317487648773,,everyone,en,1000057676653621249,,Sobot (songrobot),
148,1212282295853318145,"{'retweet_count': 0, 'reply_count': 0, 'like_count': 0, 'quote_count': 0}","ahhh,,,,jet ammo being on spotify means i can loop it forever

good",2020-01-01T07:59:57.000Z,1212282295853318145,,everyone,en,831110475060371456,,Twitter Web App,
149,1212282291147476992,"{'retweet_count': 1, 'reply_count': 0, 'like_count': 1, 'quote_count': 0}","GET @Donzy_Chaka- #ManTaya on all online music stores 👇🏽
#iTUNES https://t.co/2cvHQYDm5p…

#APPLEMusic https://t.co/2cvHQYDm5p…

#DEEZER https://t.co/7HpY1scAZv

#SPOTIFY https://t.co/1YEt2cXgDq… https://t.co/boLYxgWfoD #Welcome2020 #welcome110",2020-01-01T07:59:55.000Z,1212282291147476992,,everyone,en,1211928547645784064,,Twitter for iPhone,
150,1212282285057134592,"{'retweet_count': 0, 'reply_count': 0, 'like_count': 0, 'quote_count': 0}","Getting some serious WJSN vibes from this, which is a good sign!
https://t.co/IVaqD7Djp1",2020-01-01T07:59:54.000Z,1212282285057134592,,everyone,en,959767137836347393,,Twitter Web App,
151,1212282280246251521,"{'retweet_count': 0, 'reply_count': 0, 'like_count': 0, 'quote_count': 0}","My boy Rocky done grew up yezzir!
[2020 Vision] Album coming January 2020
#LocDab #TheComeUpEp link in my bio
(Available Now)
Artist Credits - @ JordanLafaver (Spotify)
Engineering Credits - @ Dfreshbeatz
Production… https://t.co/HRijUkIrL2",2020-01-01T07:59:53.000Z,1212282280246251521,,everyone,en,30103192,,Instagram,
152,1212282274064019457,"{'retweet_count': 0, 'reply_count': 0, 'like_count': 0, 'quote_count': 0}","… Sacrifices (with EARTHGANG &amp; J. Cole feat. Smino &amp; Saba) by Dreamville
https://t.co/PJThn0MYHp",2020-01-01T07:59:51.000Z,1212282274064019457,,everyone,en,118555283,,Twitter for Android,
153,1212282272688361472,"{'retweet_count': 0, 'reply_count': 0, 'like_count': 0, 'quote_count': 0}","I kill for a dream tonight 

https://t.co/MG6YFEmywc",2020-01-01T07:59:51.000Z,1212282272688361472,,everyone,en,547329013,,Twitter for iPhone,
154,1212282267097108480,"{'retweet_count': 1, 'reply_count': 0, 'like_count': 0, 'quote_count': 0}",@Spotify please give us lossless tier in 2020!,2020-01-01T07:59:50.000Z,1212282267097108480,,everyone,en,1097328560593809408,17230018,Twitter for iPhone,
155,1212282254396919808,"{'retweet_count': 0, 'reply_count': 1, 'like_count': 0, 'quote_count': 0}","one of mxs best songs  u can't disagree
https://t.co/0QllFGSwNo",2020-01-01T07:59:47.000Z,1212282254396919808,,everyone,en,1106443160044003328,,Twitter for Android,
156,1212282231835824128,"{'retweet_count': 0, 'reply_count': 0, 'like_count': 0, 'quote_count': 0}",#NowPlaying The Rain by /@OfficialShiraz Shiraz |[https://t.co/5CIDC5wqhZ] on Deepstuff radio 2 listen now at https://t.co/SdjCcyhIRD #dremtgi #dremstuff,2020-01-01T07:59:41.000Z,1212282231835824128,,everyone,en,709079047154884610,,Airtime Pro,
157,1212282195638988800,"{'retweet_count': 0, 'reply_count': 0, 'like_count': 0, 'quote_count': 0}",New Single “Specter” available now! Go listen! #psychrock  https://t.co/Sz5NzSAH7y,2020-01-01T07:59:33.000Z,1212282195638988800,,everyone,en,94143329,,Twitter for iPhone,
158,1212282161451003904,"{'retweet_count': 0, 'reply_count': 0, 'like_count': 1, 'quote_count': 0}","Going into 2020 with This Life by @vampireweekend. :)) 
https://t.co/7Eilp0sRh5",2020-01-01T07:59:25.000Z,1212282161451003904,,everyone,en,1531917660,,Twitter for Android,
159,1212282131495284736,"{'retweet_count': 0, 'reply_count': 0, 'like_count': 1, 'quote_count': 0}",Carry me into 2020 Howl  https://t.co/rvAa0cF1Un,2020-01-01T07:59:17.000Z,1212282131495284736,,everyone,en,1011431296080359424,,Twitter for iPad,
160,1212282111111180290,"{'retweet_count': 0, 'reply_count': 0, 'like_count': 3, 'quote_count': 0}","Back In Black - Live at River Plate Stadium, Buenos Aires, Argentina - December 2009 de AC/DC https://t.co/wKpZ8U5bmg #NowPlaying",2020-01-01T07:59:13.000Z,1212282111111180290,,everyone,en,1083197468,,Twitter Web Client,
161,1212282110087770112,"{'retweet_count': 6, 'reply_count': 0, 'like_count': 6, 'quote_count': 0}",NowPlaying Decompressor Stream https://t.co/v5Tj22YgPT - @nichellecolvin ft. @DecagonAKAGon Hosted by DJs @DJGreenguy @djkingassassin #RadioImpact Mo Music 07:58,2020-01-01T07:59:12.000Z,1212282110087770112,,everyone,en,886597998985097216,,RadioToolBox song tweet,
162,1212282103787925504,"{'retweet_count': 0, 'reply_count': 1, 'like_count': 2, 'quote_count': 0}","Imagine being the kind of person who celebrates the decade in which Prince died 
 https://t.co/gmd7zz8Ohm",2020-01-01T07:59:11.000Z,1212282103787925504,,everyone,en,87198750,,Twitter for iPhone,
163,1212282074549370885,"{'retweet_count': 0, 'reply_count': 0, 'like_count': 0, 'quote_count': 0}","I had a dream where outro tear was playing in the bg and I woke up on spotify recommends it to me.
I am fine.",2020-01-01T07:59:04.000Z,1212282074549370885,,everyone,en,1168099923172233216,,Twitter for Android,
164,1212278718808444928,"{'retweet_count': 0, 'reply_count': 1, 'like_count': 1, 'quote_count': 0}",@TexasEDMFamily https://t.co/6PN6eGovOm That's my Spotify. What's yours?,2020-01-01T07:59:04.000Z,1212282074335498240,"[{'type': 'replied_to', 'id': '1212280035790532608'}]",everyone,en,276197986,2309405876,Twitter for Android,
165,1212282072468836352,"{'retweet_count': 0, 'reply_count': 0, 'like_count': 0, 'quote_count': 0}",put the mixtapes on spotify queen https://t.co/rjRnIfqnqe,2020-01-01T07:59:03.000Z,1212282072468836352,"[{'type': 'quoted', 'id': '1212105741525385216'}]",everyone,en,148259780,,Twitter for iPhone,
166,1212282035500249089,"{'retweet_count': 0, 'reply_count': 0, 'like_count': 0, 'quote_count': 0}",Has anyone on mbb twitter recreated hyungwon's new year's playlist on spotify or something bc your girl cannot afford amazon music,2020-01-01T07:58:55.000Z,1212282035500249089,,everyone,en,923812986837336064,,Twitter Web App,
167,1176173796627103744,"{'retweet_count': 0, 'reply_count': 1, 'like_count': 1, 'quote_count': 0}","day 97: just hold on - steve aoki ft. louis tomlinson 

LAST MINUTE REC BC I FORGOT I MISSED A DAY AAAA this was the first song i listened to in 2018 lol. its lyrics are still v v important to me so this single will always have a special place in my heart
https://t.co/WtmTCkpp0h",2020-01-01T07:58:53.000Z,1212282027744980995,"[{'type': 'replied_to', 'id': '1212188558384975873'}]",everyone,en,3164575789,3164575789,Twitter for iPhone,
168,1212282004433178624,"{'retweet_count': 0, 'reply_count': 0, 'like_count': 0, 'quote_count': 0}",#NowPlaying Post Malone - Wow | Listen Live On https://t.co/ZpjlyfS6oS. Stream Our 'New Release of The Week' On #Spotify: https://t.co/vaWooXMnvT,2020-01-01T07:58:47.000Z,1212282004433178624,,everyone,en,965817890,,Radio.co now playing,
169,1212282001002311686,"{'retweet_count': 0, 'reply_count': 0, 'like_count': 1, 'quote_count': 0}","Here’s a song for you… good kid by Kendrick Lamar
https://t.co/q1iw47Etto",2020-01-01T07:58:46.000Z,1212282001002311686,,everyone,en,535643300,,Twitter for Android,
170,1212281993490259969,"{'retweet_count': 0, 'reply_count': 0, 'like_count': 0, 'quote_count': 0}","New York Morning by elbow, now playing on the Lauren Laverne show on #6Music. Spotify search: https://t.co/E6af9CeYtp",2020-01-01T07:58:45.000Z,1212281993490259969,,everyone,en,1139166191476498432,,6 Music to Spotify,
171,1212281983633625088,"{'retweet_count': 1, 'reply_count': 0, 'like_count': 1, 'quote_count': 0}",EN SPOTIFY https://t.co/MuoBzlwmFu,2020-01-01T07:58:42.000Z,1212281983633625088,"[{'type': 'quoted', 'id': '1212225543468400640'}]",everyone,en,1005456060977696768,,Twitter for iPhone,
172,1212281974431387653,"{'retweet_count': 0, 'reply_count': 0, 'like_count': 1, 'quote_count': 0}","Fuck I just realize when Spotify Wrapped comes out next year it'll tell me the first song I listened to this year is ""The Winner Takes it All"" by ABBA",2020-01-01T07:58:40.000Z,1212281974431387653,,everyone,en,859538047410597890,,Twitter for Android,
173,1212281942844100608,"{'retweet_count': 0, 'reply_count': 0, 'like_count': 0, 'quote_count': 0}",Crazy Party Time! by Little Baby Bum Nursery Rhyme Friends https://t.co/XFuGaO8bFW,2020-01-01T07:58:32.000Z,1212281942844100608,,everyone,en,1203151092910977024,,random_song_exe,
174,1212281930332291072,"{'retweet_count': 0, 'reply_count': 0, 'like_count': 0, 'quote_count': 0}","Pre-save my new single ""Kindsavage"" on Spotify: https://t.co/r821OUSUbj (powered by @distrokid)",2020-01-01T07:58:29.000Z,1212281930332291072,,everyone,en,116244830,,Twitter Web Client,
175,1212281922237476864,"{'retweet_count': 0, 'reply_count': 0, 'like_count': 0, 'quote_count': 0}","I'm Fine 💙.

🎶: https://t.co/pT2LbnZ4EB

@BTS_twt https://t.co/yx3jEiik5c",2020-01-01T07:58:28.000Z,1212281922237476864,,everyone,en,997206897127247872,,Twitter Web App,
176,1212281885335928837,"{'retweet_count': 1, 'reply_count': 0, 'like_count': 2, 'quote_count': 0}","Five, four, three, two, one, happy old year.

Love is a word not found by them

@thalles_cabral

https://t.co/16tBHSoEkq",2020-01-01T07:58:19.000Z,1212281885335928837,,everyone,en,315413020,,Twitter for Android,
177,1212281858068758528,"{'retweet_count': 0, 'reply_count': 0, 'like_count': 1, 'quote_count': 0}","Come Rain Or Come Shine by Bill Evans Trio https://t.co/3OXK8DBs8M #NowPlaying   this, pretty much sums it up...",2020-01-01T07:58:12.000Z,1212281858068758528,,everyone,en,896191934,,Twitter Web Client,
178,1212281849831198726,"{'retweet_count': 0, 'reply_count': 0, 'like_count': 0, 'quote_count': 0}","club music was trash, cleaning ears with racist music https://t.co/p1ozY6oWDc",2020-01-01T07:58:10.000Z,1212281849831198726,,everyone,en,901380655,,Twitter for iPhone,
179,1212281843074121728,"{'retweet_count': 0, 'reply_count': 0, 'like_count': 0, 'quote_count': 0}",Great news. #musicindustry #composer #musician #iamindie #iamindieclassical #neoclassical #classical #recordcompany #spotify #AppleMusic  https://t.co/Q1wdFKFXAJ,2020-01-01T07:58:09.000Z,1212281843074121728,,everyone,en,2288274231,,Twitter for iPhone,
180,1212281814645166080,"{'retweet_count': 0, 'reply_count': 0, 'like_count': 2, 'quote_count': 0}","PROG A TO Z, a playlist by Jason Maddocks on Spotify https://t.co/s9Z9sfuXh6 #prog #rock https://t.co/FQaVTV7dxX",2020-01-01T07:58:02.000Z,1212281814645166080,,everyone,en,997892599,,Buffer,
181,1212281783074484224,"{'retweet_count': 0, 'reply_count': 0, 'like_count': 0, 'quote_count': 0}","Who can taste of my sorrow? And the power that it brings? I am King.. on top of my mountain with the books of life and the books of mysteries! 4Star 
 https://t.co/osskbccNxl #NowPlaying",2020-01-01T07:57:54.000Z,1212281783074484224,,everyone,en,3123114276,,Twitter Web Client,
182,1212086017345359873,"{'retweet_count': 0, 'reply_count': 0, 'like_count': 0, 'quote_count': 0}","@TheBestNewIndie @TheBestNewIndie gotcha

https://t.co/MwEUBewI1w",2020-01-01T07:57:47.000Z,1212281751390830592,"[{'type': 'replied_to', 'id': '1212086017345359873'}]",everyone,en,839226244247998464,978003291102760960,Twitter for Android,
183,1212281050447122432,"{'retweet_count': 0, 'reply_count': 1, 'like_count': 1, 'quote_count': 0}","@iamhunterbailey ew, it’s not Spotify.",2020-01-01T07:57:46.000Z,1212281748459081728,"[{'type': 'replied_to', 'id': '1212281532083318785'}]",everyone,en,805577562915307521,849119748801658881,Twitter for iPhone,
184,1212281729613910021,"{'retweet_count': 0, 'reply_count': 0, 'like_count': 0, 'quote_count': 0}","Here’s a song for you… Taco Time - Drum and Bass Mix by Cynical Hussl 🍺🌮 #tacotime #2020
https://t.co/6ku7DsiXHS",2020-01-01T07:57:42.000Z,1212281729613910021,,everyone,en,46988298,,Twitter for Android,
185,1212281690946756608,"{'retweet_count': 0, 'reply_count': 0, 'like_count': 0, 'quote_count': 0}",Streaming now accounts for 80 percent of the US music market https://t.co/1c08FnGQYu https://t.co/XoupNHFxO2,2020-01-01T07:57:32.000Z,1212281690946756608,,everyone,en,831197225694928896,,dlvr.it,
186,1212278718808444928,"{'retweet_count': 0, 'reply_count': 1, 'like_count': 0, 'quote_count': 0}",@TexasEDMFamily Spotify,2020-01-01T07:57:26.000Z,1212281662693871616,"[{'type': 'replied_to', 'id': '1212280035790532608'}]",everyone,en,276197986,2309405876,Twitter for Android,
187,1212281652845727744,"{'retweet_count': 0, 'reply_count': 0, 'like_count': 0, 'quote_count': 0}","Last tweet of 2019 
 https://t.co/l9p3Cg4Hmr",2020-01-01T07:57:23.000Z,1212281652845727744,,everyone,en,49975967,,Twitter for iPhone,{'place_id': 'bfc0e5ed37b66a6c'}
188,1212281625192484865,"{'retweet_count': 0, 'reply_count': 0, 'like_count': 0, 'quote_count': 0}","best baekhyun station song right here ⬇️⬇️⬇️⬇️⬇️
https://t.co/OZhiarHvPF",2020-01-01T07:57:17.000Z,1212281625192484865,,everyone,en,4420318152,,Twitter for Android,
189,1212281623057596416,"{'retweet_count': 0, 'reply_count': 0, 'like_count': 0, 'quote_count': 0}",Starting the new year with this song https://t.co/5X20cnzkvr,2020-01-01T07:57:16.000Z,1212281623057596416,,everyone,en,1120097785947152384,,Twitter for iPhone,
190,1212281622399242240,"{'retweet_count': 1, 'reply_count': 0, 'like_count': 2, 'quote_count': 0}","kelFRVR is a very unknown artist out of California. His music is truly something unique.         

https://t.co/x3CUW0ewW6",2020-01-01T07:57:16.000Z,1212281622399242240,,everyone,en,54529748,,The Social Jukebox,
191,1212281616824848385,"{'retweet_count': 0, 'reply_count': 0, 'like_count': 1, 'quote_count': 0}","But when our fingers interlock, can’t deny, can’t deny you’re worth it 🎶 https://t.co/v9X0qwBCS2",2020-01-01T07:57:15.000Z,1212281616824848385,,everyone,en,110329052,,Twitter for iPhone,
192,1212281596876738562,"{'retweet_count': 0, 'reply_count': 0, 'like_count': 0, 'quote_count': 0}",Ha-Tha (Sun Meets Moon) by Chinmaya Dunster https://t.co/Vm8suh46Dt #NowPlaying,2020-01-01T07:57:10.000Z,1212281596876738562,,everyone,en,1099450872784797696,,Twitter Web Client,
193,1212281587603247105,"{'retweet_count': 1, 'reply_count': 0, 'like_count': 1, 'quote_count': 0}",Spotify link. 🤟 https://t.co/Q9zlJmKN3R,2020-01-01T07:57:08.000Z,1212281587603247105,"[{'type': 'quoted', 'id': '1212278209515012096'}]",everyone,en,78658724,,Twitter for Android,{'place_id': '01cf9c6409a7f7a0'}
194,1212281583291584512,"{'retweet_count': 0, 'reply_count': 0, 'like_count': 1, 'quote_count': 0}","THANKS FOR THE ASSIST! Epi198 features clips @MikeSittingDown's Assisting soundcast, where he keeps trying to get stuff done for his Hollywood boss! https://t.co/BuKMYSXzqr, Apple Podcasts, and Spotify",2020-01-01T07:57:07.000Z,1212281583291584512,,everyone,en,9762472,,SocialOomph,
195,1212281555072122880,"{'retweet_count': 0, 'reply_count': 0, 'like_count': 0, 'quote_count': 0}",first song of 2020 https://t.co/TkcygfUjyD #NowPlaying,2020-01-01T07:57:00.000Z,1212281555072122880,,everyone,en,183884454,,Twitter Web Client,
